2392019;PYYJ022;Serial0/0/0.101;128;APCN
2392020;PYYZ1195;GigabitEthernet0/1.55;512;APCN
2392018;PYYC337;ATM0.1-aal5 layer;2000;APCN
2392016;PYTZ125;Tunnel0;8192;APCN
2392017;PYUL655;GigabitEthernet0/1.60;10000;APCN
2392017;PYUL656;GigabitEthernet0/1.412;10000;APCN
2392008;PVSA019;Tunnel0;128;APCN
2392009;PVVO082;GigabitEthernet0/0.8;384;APCN
2392009;PVVO056;FastEthernet0/1.21;128;APCN
2392010;PWTB001;Tunnel0;;APCN
2392011;PXPL006;Tunnel1111;2048;APCN
2392012;PXRE214;GigabitEthernet0/1.154;6000;APCN
2392012;PXRE215;GigabitEthernet0/1.184;6000;APCN
2392013;PYGJ002;Tunnel0;8192;APCN
2392014;PYKF054;Tunnel0;7168;APCN
2392015;PYQT014;Tunnel0;576;APCN
2392006;PVLI022;Tunnel0;512;APCN
2392007;PVSA019;Tunnel0;576;APCN
2391999;PSIN5294;Tunnel0;512;APCN
2392000;PSSG054;GigabitEthernet0/0/1.704;1000;APCN
2392001;PSVD022;ATM0.1-aal5 layer;64;APCN
2392002;PSVD025;GigabitEthernet0/0.584;512;APCN
2392003;PSZG199;FastEthernet0/1.182;256;APCN
2392004;PTLH079;Tunnel0;8192;APCN
2392005;PVER064;Tunnel0;576;APCN
2391998;PSHO001;Serial0/0/0.101;1024;APCN
2391997;PSEL904;Serial0/0/0.101;128;APCN
2391997;PSEL905;Serial0/0/0.101;128;APCN
2391996;PSEL904;Serial0/0.101;128;APCN
2391996;PSEL905;Serial0/0.101;128;APCN
2391993;PRNO045;Tunnel0;2048;APCN
2391994;PSBD011;Tunnel0;64;APCN
2391995;PSEA080;GigabitEthernet0/0/2.21;1024;APCN
2391995;PSEA081;GigabitEthernet0/0/2.60;1000;APCN
2391992;PRMF001;FastEthernet0/1.1710;512;APCN
2391992;PRMF005;Tunnel0;8192;APCN
2391989;PQRI004;Tunnel0;1000;APCN
2391990;PRIC201;Tunnel0;5120;APCN
2391991;PRLG041;GigabitEthernet0/1.789;1000;APCN
2391991;PRLG074;ATM0.101-aal5 layer;8192;APCN
2391959;PGUC002;Tunnel0;8192;APCN
2391960;PHAG425;GigabitEthernet0/1;4000;APCN
2391961;PHRG014;GigabitEthernet0/1.1626;1024;APCN
2391961;PHRG016;GigabitEthernet0/1.1665;1024;APCN
2391962;PHRG018;ATM0.1-aal5 layer;1024;APCN
2391963;PHUX009;Tunnel0;512;APCN
2391964;PIAS048;Tunnel0;;APCN
2391965;PIAS048;FastEthernet4;512;APCN
2391966;PIST1954;Tunnel0;256;APCN
2391967;PJED184;GigabitEthernet0/1;1024;APCN
2391968;PJFK413;GigabitEthernet0/0/0.40;2000;APCN
2391968;PJFK414;GigabitEthernet0/0/1.71;2000;APCN
2391969;PKMI014;Tunnel0;8192;APCN
2391970;PKWI403;Tunnel0;;APCN
2391971;PKWI403;Tunnel0;8000;APCN
2391972;PLGA103;Tunnel0;8192;APCN
2391973;PLMM013;Tunnel0;2048;APCN
2391974;PLON9308;GigabitEthernet0/1.453;1024;APCN
2391974;PLON9363;GigabitEthernet0/1.379;1024;APCN
2391975;PLVI007;GigabitEthernet0/1.459;256;APCN
2391975;PLVI006;ATM0.1-aal5 layer;64;APCN
2391976;PMAA658;GigabitEthernet0/1.47;128;APCN
2391977;PMAO110;Serial0/0/0.101;256;APCN
2391978;PMED063;GigabitEthernet0/2.405;2000;APCN
2391978;PMED029;GigabitEthernet0/1.142;2000;APCN
2391979;PMEX2238;Tunnel0;2048;APCN
2391980;PMID027;Tunnel0;64;APCN
2391981;PMXL043;Tunnel0;2048;APCN
2391982;PNIM105;Tunnel0;8192;APCN
2391983;PNLA039;Tunnel0;64;APCN
2391984;PNSI021;GigabitEthernet0/1.209;128;APCN
2391985;POAX008;Tunnel0;64;APCN
2391986;POKJ068;Tunnel0;8192;APCN
2391987;PORD199;GigabitEthernet0/0/0.234;512;APCN
2391988;PPEG048;Tunnel0;1024;APCN
2391957;PGBE100;Tunnel0;1024;APCN
2391958;PGRK019;ATM0.1-aal5 layer;64;APCN
2391956;PFRA3150;GigabitEthernet0/1.24;1000;APCN
2391956;PFRA3304.PFRA3305;GigabitEthernet0/1.2;256;APCN
2391955;PFRA3150;GigabitEthernet0/1.24;1000;APCN
2391955;PZPW070;GigabitEthernet0/1.2;256;APCN
2391954;PEBL011;Tunnel0;1000;APCN
2391953;PDXB1905;GigabitEthernet0/1.25;64;APCN
2391953;PDXB1906;GigabitEthernet0/1.150;64;APCN
2391952;PDXB1768;GigabitEthernet0/1.748;5000;APCN
2391952;PDXB1769;GigabitEthernet0/1.786;5000;APCN
2391951;PDXB1719;GigabitEthernet0/1.388;64;APCN
2391951;PDXB1721;GigabitEthernet0/1.723;64;APCN
2391950;PDLA215;GigabitEthernet0/1.572;128;APCN
2391949;PDFW363;ATM0.1-aal5 layer;6144;APCN
2391947;PCTU571;GigabitEthernet0/0/0.171;256;APCN
2391948;PDBB002;ATM0.1-aal5 layer;64;APCN
2391946;PCAI917;FastEthernet0/1/1.1616;512;APCN
2391946;PCAI918;FastEthernet0/1/1.1805;512;APCN
2391945;PCAI1911;Tunnel0;8192;APCN
2391943;PBRU2257;GigabitEthernet0/1.39;2000;APCN
2391944;PBRU2257;GigabitEthernet0/1.39;2000;APCN
2391941;PBNE937;GigabitEthernet0/0/0.489;2000;APCN
2391941;PBNE939;GigabitEthernet0/1.170;2000;APCN
2391942;PBOM816;GigabitEthernet0/1.773;10000;APCN
2391942;PBOM817;GigabitEthernet0/1.3;10000;APCN
2391939;PBJV003;Serial0/0/0.101;256;APCN
2391939;PBJV004;Serial0/0/0.101;256;APCN
2391940;PBLZ090;Tunnel0;1000;APCN
2391938;PBAQ111;Tunnel0;8192;APCN
2391935;PASB052;GigabitEthernet0/1;;APCN
2391936;PASM025;FastEthernet0/1;512;APCN
2391937;PATL2292;Tunnel0;2048;APCN
2391933;PADB050;Serial0/0/0.100;1024;APCN
2391933;PADB051;GigabitEthernet8.19;64;APCN
2391934;PAQJ006;ATM0.1-aal5 layer;512;APCN
2391932;PABQ036;Tunnel0;64;APCN
2392048;PSTR278;GigabitEthernet0/0/1.778;1536;APCN
2392039;PSCL565;Tunnel1117;1024;APCN
2391874;PZRH813;GigabitEthernet0/1.68;4096;APCN
2391874;PZRH814;GigabitEthernet0/1.73;4096;APCN
2391858;PZLO027;GigabitEthernet0/0/1.409;1024;APCN
2391858;PZLO028;Tunnel1114;1024;APCN
2391841;PYYZ481;FastEthernet0/1.388;5120;APCN
2391841;PYYZ482;FastEthernet3/1.69;5120;APCN
2391848;PYYZ481;FastEthernet0/1.400;512;APCN
2391848;PYYZ482;FastEthernet3/1.75;512;APCN
2391850;PZAG577;GigabitEthernet0/1.5;256;APCN
2391850;PZAG578;Tunnel1114;256;APCN
2391826;PYYC344;Tunnel1113;5120;APCN
2391826;PYYC345;Tunnel1113;5120;APCN
2391794;PYUL323;Tunnel1143;5120;APCN
2391794;PYUL324;GigabitEthernet0/0/1.367;5120;APCN
2391783;PYEG089;GigabitEthernet0/0/1.715;512;APCN
2391783;PYEG090;GigabitEthernet0/0/1.56;512;APCN
2391786;PYQB226;GigabitEthernet0/0/1.396;512;APCN
2391786;PYQB227;Tunnel1113;512;APCN
2391777;PWRO4922;Tunnel1114;1024;APCN
2391777;PWRO4923;Tunnel1114;1024;APCN
2391773;PWLG215;GigabitEthernet0/1.127;128;APCN
2391773;PWLG216;Tunnel1114;128;APCN
2391764;PWAW562;FastEthernet1/0.30;1024;APCN
2391764;PWAW563;GigabitEthernet0/0/1.61;1024;APCN
2391750;PVTE114;GigabitEthernet0/0/1.64;256;APCN
2391750;PVTE115;Tunnel1117;256;APCN
2391742;PVRN252;GigabitEthernet0/1.418;256;APCN
2391742;PVRN253;Tunnel1114;256;APCN
2391740;PVNO234;GigabitEthernet0/1.731;512;APCN
2391740;PVNO235;Tunnel1120;512;APCN
2391736;PVNO234;GigabitEthernet0/1.285;1024;APCN
2391736;PVNO235;Tunnel1115;1024;APCN
2391727;PVKO025;GigabitEthernet0/1.794;1024;APCN
2391727;PVKO026;GigabitEthernet0/1.7;1024;APCN
2391732;PVLI023;GigabitEthernet0/1.96;1024;APCN
2391694;PVIE725;GigabitEthernet0/0/1.50;1024;APCN
2391694;PVIE726;GigabitEthernet0/0/1.78;1024;APCN
2391691;PVDO001;GigabitEthernet0/0/1.395;1024;APCN
2391691;PVDO002;Tunnel1113;512;APCN
2391671;PVCE124;FastEthernet2/1.723;1000;APCN
2391671;PVCE125;FastEthernet0/1.571;1024;APCN
2391642;PUIO224;GigabitEthernet0/1.11;256;APCN
2391642;PUIO225;GigabitEthernet0/1.386;256;APCN
2391629;PTUN299;GigabitEthernet0/0/0.5;256;APCN
2391629;PTUN300;Tunnel1112;256;APCN
2391612;PTRN661;Tunnel1113;512;APCN
2391612;PTRN662;GigabitEthernet0/0/1.106;1024;APCN
2391616;PTSA041;GigabitEthernet0/1.90;1024;APCN
2391616;PTSA042;Tunnel1114;1024;APCN
2391620;PTSE103;GigabitEthernet0/1.687;2048;APCN
2391620;PTSE104;Tunnel1114;2048;APCN
2391623;PTSE104;Serial0/0/0:0.101;1024;APCN
2391626;POTP029;GigabitEthernet0/0/1.69;1024;APCN
2391626;POTP030;GigabitEthernet0/0/1.91;1024;APCN
2391628;PTUN299;GigabitEthernet0/0/0.4;1024;APCN
2391628;PTUN300;Tunnel1113;1024;APCN
2391607;PTRF009;Tunnel1114;1024;APCN
2391607;PTRF010;Tunnel1114;1024;APCN
2391605;PTPE629;Serial1/0.113;1024;APCN
2391605;PTPE630;GigabitEthernet0/3.78;1024;APCN
2391583;PTNR110;GigabitEthernet0/0/1.100;256;APCN
2391583;PTNR111;Tunnel1114;256;APCN
2391536;PTIJ074;Tunnel1113;1024;APCN
2391536;PTIJ075;Tunnel1113;1024;APCN
2391539;PTLL255;GigabitEthernet0/1.322;256;APCN
2391539;PTLL256;Tunnel1113;256;APCN
2391542;PTLN235;Tunnel1113;256;APCN
2391542;PTLN236;Tunnel1113;256;APCN
2391544;PTLS1005;GigabitEthernet0/0/1.607;256;APCN
2391544;PTLS1272;Tunnel1113;256;APCN
2391553;PTLV289;GigabitEthernet0/0/1.222;1536;APCN
2391553;PTLV290;GigabitEthernet0/0/1.211;1536;APCN
2391534;PTBU020;GigabitEthernet0/1.112;1024;APCN
2391520;PTAB013;GigabitEthernet0/1.235;2048;APCN
2391520;PTAB014;Tunnel1113;2048;APCN
2391524;PTAS242;Serial0/0/0:0.401;1024;APCN
2391524;PTAS243;Tunnel1114;1024;APCN
2391527;PTBS198;Serial0/0/0:0.102;1024;APCN
2391527;PTBS199;Tunnel1114;1024;APCN
2391481;PSYD1236;GigabitEthernet0/0/1.3806;1536;APCN
2391481;PSYD1237;GigabitEthernet0/0/1.3705;1536;APCN
2391463;PSXM071;GigabitEthernet0/2/0.284;1024;APCN
2391463;PSXM072;Tunnel1114;1024;APCN
2391445;PSUF013;Tunnel1114;256;APCN
2391445;PSUF014;Tunnel1114;256;APCN
2391455;PSVO029;GigabitEthernet0/1.25;768;APCN
2391455;PSVO028;GigabitEthernet0/1.6;768;APCN
2391457;PSVX106;GigabitEthernet0/1.30;1024;APCN
2391457;PSVX107;GigabitEthernet0/1.79;1024;APCN
2391459;PSXB560;Tunnel1114;256;APCN
2391459;PSXB561;Tunnel1114;256;APCN
2391437;PSUB126;Tunnel1118;1024;APCN
2391437;PSUB127;GigabitEthernet0/3.106;1024;APCN
2391430;PSTR276;GigabitEthernet0/0/0.6;1536;APCN
2391430;PSTR278;GigabitEthernet0/0/0.53;1536;APCN
2391417;PSTN101;GigabitEthernet0/0/1.407;1024;APCN
2391417;PSTN103;GigabitEthernet0/0/1.65;1024;APCN
2391409;PSSA139;GigabitEthernet0/1.15;256;APCN
2391409;PSSA140;Tunnel1117;256;APCN
2391412;PSTI024;GigabitEthernet0/1.276;256;APCN
2391412;PSTI025;Tunnel1114;256;APCN
2391371;PSPL225;GigabitEthernet0/0/1.331;2048;APCN
2391371;PSPL226;GigabitEthernet0/0/1.54;2048;APCN
2391348;PSKT011;GigabitEthernet0/1.1605;1024;APCN
2391348;PSKT012;Tunnel1114;1024;APCN
2391358;PSOF407;GigabitEthernet0/0/1.11;1024;APCN
2391358;PSOF408;GigabitEthernet0/0/1.20;1024;APCN
2391335;PSKG369;GigabitEthernet0/0/1.105;3072;APCN
2391335;PSKG370;Tunnel1113;3072;APCN
2391315;PSJO400;GigabitEthernet0/0/1.42;1536;APCN
2391315;PSJO402;GigabitEthernet0/0/1.732;1536;APCN
2391310;PSJJ151;Tunnel1115;256;APCN
2391310;PSJJ152;Tunnel1116;256;APCN
2391293;PSIN5586;GigabitEthernet0/1.125;1024;APCN
2391300;PSJD044;GigabitEthernet0/0/1.420;1024;APCN
2391300;PSJD045;Tunnel1114;1024;APCN
2391248;PSIN4562;GigabitEthernet0/1.22;1024;APCN
2391248;PSIN4564;GigabitEthernet0/1.650;1024;APCN
2391204;PSIN1642;GigabitEthernet0/0/1.311;3072;APCN
2391204;PSIN1641;GigabitEthernet0/0/1.197;3072;APCN
2391187;PSHA2887;GigabitEthernet0/1.142;256;APCN
2391187;PSHA2888;Serial0/0/1:1.100;1024;APCN
2391193;PSHJ053;GigabitEthernet0/0/0.728;1536;APCN
2391193;PSHJ054;GigabitEthernet0/0/0.392;1536;APCN
2391137;PSEZ083;Tunnel1113;512;APCN
2391137;PSEZ084;Tunnel1113;512;APCN
2391151;PSFO308;GigabitEthernet0/0/1.748;256;APCN
2391151;PSFO309;GigabitEthernet0/0/1.240;256;APCN
2391160;PSFO308;GigabitEthernet0/0/1.211;10240;APCN
2391160;PSFO309;GigabitEthernet0/0/1.267;10240;APCN
2391126;PSDQ478;GigabitEthernet0/1.205;1024;APCN
2391126;PSDQ479;Tunnel1115;1024;APCN
2391098;PSCL564;GigabitEthernet0/0/1.18;1024;APCN
2391098;PSCL565;GigabitEthernet0/0/1.502;1024;APCN
2391109;PSCL564;GigabitEthernet0/0/1.23;1024;APCN
2391109;PSCL565;GigabitEthernet0/0/1.529;1024;APCN
2391120;PSDJ071;GigabitEthernet0/0/1.16;1024;APCN
2391120;PSDJ072;Tunnel1114;1024;APCN
2391085;PSAW006;GigabitEthernet0/1.15;1024;APCN
2391085;PSAW007;GigabitEthernet0/1.11;1024;APCN
2391076;PSAN224;GigabitEthernet0/0/0.368;2048;APCN
2391076;PSAN225;GigabitEthernet0/0/0.513;2048;APCN
2391060;PRUN187;Tunnel1113;128;APCN
2391060;PRUN188;Tunnel1113;128;APCN
2391049;PRUH711;GigabitEthernet0/0/1.398;1024;APCN
2391049;PRUH712;GigabitEthernet0/0/1.120;1024;APCN
2391042;PROB024;Tunnel1113;512;APCN
2391042;PROB025;Tunnel1113;512;APCN
2391044;PROS063;GigabitEthernet0/0/1.70;1024;APCN
2391044;PROS064;Tunnel1114;1024;APCN
2391036;PRMQ001;GigabitEthernet0/1.90;1024;APCN
2391036;PRMQ002;Tunnel1113;1024;APCN
2391031;PRIX315;GigabitEthernet0/1.384;256;APCN
2391031;PRIX316;Tunnel1114;256;APCN
2391033;PRIX315;GigabitEthernet0/1.733;1024;APCN
2391033;PRIX316;Tunnel1117;1024;APCN
2391006;PRAR010;GigabitEthernet0/1.157;512;APCN
2391009;PRDU259;GigabitEthernet0/0/2.311;1024;APCN
2391009;PRDU260;Tunnel1113;1024;APCN
2391014;PREC149;GigabitEthernet0/0/1.121;1024;APCN
2391014;PREC150;Tunnel1115;1024;APCN
2391021;PRGN069;Serial0/0/0.120;1024;APCN
2391021;PRGN070;Tunnel1113;1024;APCN
2390983;PPVR040;GigabitEthernet0/1/0.531;1024;APCN
2390983;PPVR041;Tunnel1114;1024;APCN
2390951;PPVG076;GigabitEthernet0/1.121;2048;APCN
2390951;PPVG077;GigabitEthernet0/0/1.133;2048;APCN
2390940;PPUS235;GigabitEthernet0/1.38;512;APCN
2390940;PPUS236;Tunnel1122;512;APCN
2390946;PPVD038;GigabitEthernet0/0/0.28;2048;APCN
2390946;PPVD039;GigabitEthernet0/0/0.23;2048;APCN
2390924;PPUJ069;GigabitEthernet0/1.342;3072;APCN
2390924;PPUJ070;GigabitEthernet0/1.794;3072;APCN
2390915;PPTY103;GigabitEthernet0/0/1.61;1024;APCN
2390915;PPTY104;GigabitEthernet0/0/1.793;1024;APCN
2390901;PPSA103;GigabitEthernet0/0/1.588;256;APCN
2390901;PPSA104;Tunnel1115;256;APCN
2390891;PPRG1918;GigabitEthernet0/0/1.121;2048;APCN
2390891;PPRG1919;GigabitEthernet0/0/1.220;2048;APCN
2390874;PPPT066;GigabitEthernet0/1.796;1024;APCN
2390874;PPPT067;Tunnel1122;1024;APCN
2390865;PPOZ6045;GigabitEthernet0/0/1.84;1024;APCN
2390865;PPOZ6046;Tunnel1113;1024;APCN
2390855;PPOS207;GigabitEthernet0/1.220;2048;APCN
2390855;PPOS208;Tunnel1116;2048;APCN
2390849;PPOP018;GigabitEthernet0/1.208;1024;APCN
2390849;PPOP019;Tunnel1114;1024;APCN
2390843;PPOM127;GigabitEthernet0/0/1.119;128;APCN
2390843;PPOM128;GigabitEthernet0/0/1.316;128;APCN
2390833;PPOA227;GigabitEthernet0/0/1.138;1024;APCN
2390833;PPOA228;Tunnel1113;1024;APCN
2390828;PPNH144;GigabitEthernet0/1.104;1024;APCN
2390828;PPNH145;GigabitEthernet0/1.702;1024;APCN
2390818;PPMO086;GigabitEthernet0/0/1.173;512;APCN
2390800;PPHL576;GigabitEthernet0/0/0.783;1024;APCN
2390800;PPHL579;GigabitEthernet0/0/0.791;1024;APCN
2390806;PPHX281;GigabitEthernet0/0/0.278;1024;APCN
2390806;PPHX282;GigabitEthernet0/0/0.581;1024;APCN
2390757;PPDX156;GigabitEthernet0/0/0.154;256;APCN
2390757;PPDX157;GigabitEthernet0/0/0.153;256;APCN
2390760;PPEK080;GigabitEthernet0/2.9;2048;APCN
2390760;PPEK081;GigabitEthernet0/3.4;2048;APCN
2390786;PPEN246;GigabitEthernet0/3.113;1024;APCN
2390786;PPEN247;GigabitEthernet0/3.134;1024;APCN
2390794;PPER216;GigabitEthernet0/2.123;1024;APCN
2390794;PPER217;FastEthernet2/1.43;1024;APCN
2390752;PPDP008;Tunnel1114;1024;APCN
2390752;PPDP009;Tunnel1114;1024;APCN
2390719;PPBM046;GigabitEthernet0/1.49;1024;APCN
2390719;PPBM047;Tunnel1114;1024;APCN
2390702;PPAD058;Tunnel1113;1024;APCN
2390702;PPAD059;Tunnel1113;1024;APCN
2390700;POVB068;GigabitEthernet0/1.731;1024;APCN
2390700;POVB069;GigabitEthernet0/1.810;1024;APCN
2390686;POSR073;Tunnel1115;256;APCN
2390686;POSR074;Tunnel1115;256;APCN
2390689;POTP029;GigabitEthernet0/0/1.37;1024;APCN
2390689;POTP030;GigabitEthernet0/0/1.69;1024;APCN
2390682;POSL950;GigabitEthernet0/1.63;1024;APCN
2390682;POSL951;Tunnel1114;1024;APCN
2390673;PORD261;GigabitEthernet0/2/0.289;256;APCN
2390673;PORD262;GigabitEthernet0/2/0.265;256;APCN
2390658;POOL028;GigabitEthernet0/1.203;1024;APCN
2390658;POOL029;Tunnel1113;1024;APCN
2390648;PNUE430;GigabitEthernet0/0/1.780;512;APCN
2390648;PNUE431;Tunnel1113;512;APCN
2390650;POAK154;GigabitEthernet0/0/0.325;256;APCN
2390650;POAK155;Tunnel1113;256;APCN
2390652;POGG030;GigabitEthernet0/0/1.357;1024;APCN
2390652;POGG031;GigabitEthernet0/0/1.719;1024;APCN
2390644;PNTL042;GigabitEthernet0/1.2526;256;APCN
2390644;PNTL043;Tunnel1113;256;APCN
2390639;PNTE564;Tunnel1114;256;APCN
2390639;PNTE565;Tunnel1114;256;APCN
2390641;PNTE564;Tunnel1116;256;APCN
2390641;PNTE565;Tunnel1116;256;APCN
2390635;PNRT125;GigabitEthernet0/0/3.22;1024;APCN
2390635;PNRT126;GigabitEthernet0/0/3.181;1024;APCN
2390604;PNOU080;GigabitEthernet0/0/0.740;256;APCN
2390604;PNOU081;Tunnel1114;256;APCN
2390610;PNQY033;GigabitEthernet0/0/1.528;1024;APCN
2390610;PNQY034;Tunnel1114;1024;APCN
2390599;PNGS014;GigabitEthernet0/0/1.790;256;APCN
2390599;PNGS015;Tunnel1113;256;APCN
2390602;PNOS001;Tunnel1114;256;APCN
2390602;PNOS002;Tunnel1114;256;APCN
2390585;PNGO183;GigabitEthernet0/3.605;256;APCN
2390585;PNGO184;GigabitEthernet0/1.116;256;APCN
2390576;PNCL476;GigabitEthernet0/0/1.580;512;APCN
2390576;PNCL477;Tunnel1113;512;APCN
2390567;PNCE244;FastEthernet0/1.346;256;APCN
2390567;PNCE245;FastEthernet0/1.357;256;APCN
2390561;PNCE244;FastEthernet0/1.355;1024;APCN
2390561;PNCE245;FastEthernet0/1.352;1024;APCN
2390523;PNAP225;GigabitEthernet0/0/1.485;256;APCN
2390523;PNAP226;Tunnel1113;256;APCN
2390529;PNAP225;GigabitEthernet0/0/1.488;1000;APCN
2390529;PNAP226;Tunnel1121;1024;APCN
2390535;PNAS116;GigabitEthernet0/0/1.338;1024;APCN
2390535;PNAS117;Tunnel1114;1024;APCN
2390543;PNAT036;GigabitEthernet0/0/1.772;2048;APCN
2390543;PNAT037;Tunnel1115;2048;APCN
2390547;PNBE004;Tunnel1113;1024;APCN
2390547;PNBE005;Tunnel1113;1024;APCN
2390551;PNBO444;GigabitEthernet0/1.20;1024;APCN
2390551;PNBO446;GigabitEthernet0/1.21;1024;APCN
2390517;PNAN030;GigabitEthernet0/1.277;1024;APCN
2390517;PNAN031;Tunnel1113;1024;APCN
2390483;PMXP086;GigabitEthernet0/2.770;3000;APCN
2390483;PMXP087;GigabitEthernet0/3.16;3000;APCN
2390467;PMVD147;FastEthernet4/1.21;2048;APCN
2390467;PMVD148;FastEthernet2/1.229;2048;APCN
2390437;PMUC672;GigabitEthernet0/2/0.45;3072;APCN
2390437;PMUC673;GigabitEthernet0/2/0.712;3072;APCN
2390433;PMSQ181;GigabitEthernet0/1.12;768;APCN
2390433;PMSQ182;Tunnel1116;768;APCN
2390412;PMRU211;GigabitEthernet0/2.4;256;APCN
2390412;PMRU212;GigabitEthernet0/2.3;256;APCN
2390409;PMPM288;GigabitEthernet0/0/1.21;256;APCN
2390409;PMPM289;Tunnel1113;256;APCN
2390407;PMPH001;GigabitEthernet0/1.18;1024;APCN
2390407;PMPH002;Tunnel1113;1024;APCN
2390382;PMNL1318;GigabitEthernet0/1.72;1024;APCN
2390382;PMNL1319;GigabitEthernet0/3.174;1024;APCN
2390383;PMNL466;GigabitEthernet0/0/1.75;1024;APCN
2390383;PMNL467;GigabitEthernet0/0/1.x;1024;APCN
2390366;PMLM032;Tunnel1113;1024;APCN
2390366;PMLM033;Tunnel1113;1024;APCN
2390342;PMLA167;GigabitEthernet0/1.614;1024;APCN
2390342;PMLA168;GigabitEthernet0/1.34;1024;APCN
2390317;PMIA469;GigabitEthernet0/0/0.258;1536;APCN
2390317;PMIA470;GigabitEthernet0/2/0.674;1536;APCN
2390307;PMGA167;GigabitEthernet0/0/1.353;1024;APCN
2390307;PMGA168;Tunnel1114;1024;APCN
2390303;PMEX638;GigabitEthernet0/0/1.783;1024;APCN
2390303;PMEX639;GigabitEthernet0/0/1.81;1024;APCN
2390260;PMEL697;GigabitEthernet0/0/1.3323;1024;APCN
2390260;PMEL698;GigabitEthernet0/0/1.3810;1024;APCN
2390231;PMCO052;Tunnel1116;768;APCN
2390233;PMCT104;GigabitEthernet0/0/0.724;2048;APCN
2390233;PMCT105;GigabitEthernet0/0/0.93;2048;APCN
2390250;PMDE154;GigabitEthernet0/1.750;1536;APCN
2390250;PMDE155;Tunnel1117;1536;APCN
2390252;PMDZ111;GigabitEthernet0/0/1.791;1024;APCN
2390252;PMDZ112;Tunnel1113;1024;APCN
2390208;PMCO051;GigabitEthernet0/0/0.114;1024;APCN
2390208;PMCO052;GigabitEthernet0/0/0.249;1024;APCN
2390195;PMBJ069;GigabitEthernet0/1.17;2048;APCN
2390195;PMBJ070;GigabitEthernet0/1.26;2048;APCN
2390204;PMCI064;GigabitEthernet0/0/2.98;3072;APCN
2390204;PMCI065;Tunnel1114;5120;APCN
2390160;PMAN534;GigabitEthernet0/1.198;2048;APCN
2390160;PMAN535;GigabitEthernet0/1.746;2000;APCN
2390165;PMAN1570;GigabitEthernet0/0/1.679;5120;APCN
2390165;PMAN1571;GigabitEthernet0/0/1.208;5120;APCN
2390120;PMAD5632;GigabitEthernet0/0/1.226;2048;APCN
2390120;PMAD5633;GigabitEthernet0/0/1.786;2048;APCN
2390098;PLUX1204;GigabitEthernet0/0/1.130;512;APCN
2390098;PLUX1205;Tunnel1114;512;APCN
2390085;PLTR019;GigabitEthernet0/0/1.187;2048;APCN
2390088;PLUN217;GigabitEthernet0/1.756;1536;APCN
2390088;PLUN218;gigabitethernet0/1.704;1536;APCN
2390106;PLYS998;GigabitEthernet0/0/1.709;256;APCN
2390106;PLYS999;Tunnel1114;256;APCN
2390105;PLYS998;GigabitEthernet0/0/1.705;256;APCN
2390105;PLYS999;Tunnel1113;256;APCN
2390103;PLWO028;Serial0/0/0:0.103;256;APCN
2390103;PLWO029;Tunnel1115;256;APCN
2390078;PLTN206;GigabitEthernet0/0/1.570;1024;APCN
2390078;PLTN210;Tunnel1114;1024;APCN
2390075;PLPQ005;Tunnel1113;256;APCN
2390075;PLPQ006;Tunnel1113;256;APCN
2390045;PLON10195;GigabitEthernet0/0/1.16;2048;APCN
2390045;PLON10196;GigabitEthernet0/0/1.16;2048;APCN
2390058;PLOS579;GigabitEthernet0/0/1.760;1024;APCN
2390058;PLOS578;GigabitEthernet0/0/1.235;1024;APCN
2390044;PLON10195;GigabitEthernet0/0/1.16;2048;APCN
2390044;PLON10196;GigabitEthernet0/0/1.16;2048;APCN
2390029;PLON10195;GigabitEthernet0/0/1.3;512;APCN
2390029;PLON10196;GigabitEthernet0/0/1.3;512;APCN
2390030;PLON10195;GigabitEthernet0/0/1.3;512;APCN
2390030;PLON10196;GigabitEthernet0/0/1.3;512;APCN
2390023;PLLW084;Tunnel1114;256;APCN
2390023;PLLW085;Tunnel1114;256;APCN
2390026;PLNZ363;Tunnel1113;1024;APCN
2390026;PLNZ362;Tunnel1113;1024;APCN
2389994;PLIS945;GigabitEthernet0/0/1.18;3072;APCN
2389994;PLIS946;GigabitEthernet0/0/1.30;3072;APCN
2389988;PLIR026;GigabitEthernet0/0/1.47;256;APCN
2389988;PLIR027;Tunnel1113;256;APCN
2389978;PLIN157;GigabitEthernet0/0/1.103;1024;APCN
2389978;PLIN158;GigabitEthernet0/0/1.70;1024;APCN
2389964;PLIM292;Serial1/0/0.108;2048;APCN
2389964;PLIM293;Serial1/0/0.113;2048;APCN
2389951;PLIH007;GigabitEthernet0/0/1.796;1536;APCN
2389951;PLIH008;Tunnel1113;1536;APCN
2389954;PLIL942;Tunnel1115;256;APCN
2389954;PLIL943;Tunnel1115;256;APCN
2389896;PLHR1749;GigabitEthernet0/1/0.282;512;APCN
2389896;PLHR1750;GigabitEthernet0/1/0.629;512;APCN
2389834;PLEJ347;GigabitEthernet0/0/1.672;1024;APCN
2389834;PLEJ348;Tunnel1113;1024;APCN
2389838;PLFW101;Serial0/0/0:1.110;128;APCN
2389839;PLFW101;Serial0/0/0:1.111;512;APCN
2389839;PLFW118;Tunnel1113;512;APCN
2389842;PLGA070;GigabitEthernet0/2/0.82;2048;APCN
2389842;PLGA071;GigabitEthernet0/1/0.789;2048;APCN
2389845;PLGG402;Tunnel1114;256;APCN
2389845;PLGG403;Tunnel1114;256;APCN
2389847;PLGW179;GigabitEthernet0/0/1.471;1024;APCN
2389847;PLGW180;GigabitEthernet0/0/1.240;1024;APCN
2389824;PLED188;GigabitEthernet0/0/1.20;1024;APCN
2389824;PLED189;GigabitEthernet0/0/1.122;1024;APCN
2389797;PLAX656;GigabitEthernet0/0/1.602;10240;APCN
2389797;PLAX657;GigabitEthernet0/0/3.380;10240;APCN
2389800;PLBV144;GigabitEthernet0/0/1.508;768;APCN
2389800;PLBV145;Tunnel1113;768;APCN
2389802;PLCA100;GigabitEthernet0/2.91;256;APCN
2389802;PLCA101;GigabitEthernet0/2.741;256;APCN
2389817;PLCY116;Serial1/0.103;1024;APCN
2389817;PLCY117;Serial1/0.106;1024;APCN
2389779;PLAX817;FastEthernet2/0.777;256;APCN
2389779;PLAX818;GigabitEthernet0/1.272;256;APCN
2389781;PLAX656;GigabitEthernet0/0/1.786;512;APCN
2389781;PLAX657;GigabitEthernet0/0/3.391;512;APCN
2389748;PLAD281;GigabitEthernet0/0/1.538;256;APCN
2389748;PLAD283;GigabitEthernet0/0/1.756;256;APCN
2389753;PLAP007;GigabitEthernet0/0/1.756;1024;APCN
2389753;PLAP008;Tunnel1113;1024;APCN
2389733;PKWI377;GigabitEthernet0/0/1.710;1536;APCN
2389733;PKWI378;GigabitEthernet0/0/1.559;1536;APCN
2389729;PKUL513;GigabitEthernet0/0/1.489;2048;APCN
2389729;PKUL514;GigabitEthernet0/2.581;2048;APCN
2389700;PKTW3990;Tunnel1114;768;APCN
2389700;PKTW3991;Tunnel1114;768;APCN
2389698;PKTM162;GigabitEthernet0/0/1.1041;1024;APCN
2389698;PKTM163;Tunnel1117;1024;APCN
2389693;PKSC056;Tunnel1116;128;APCN
2389693;PKSC057;Tunnel1115;128;APCN
2389695;PKTM162;GigabitEthernet0/0/1.1021;1024;APCN
2389695;PKTM163;Tunnel1113;1024;APCN
2389655;PKIX064;GigabitEthernet0/1.304;1024;APCN
2389655;PKIX065;GigabitEthernet0/1.236;1024;APCN
2389657;PKOA030;GigabitEthernet0/0/1.277;1024;APCN
2389657;PKOA031;Tunnel1113;1024;APCN
2389663;PKRK4136;GigabitEthernet0/0/1.10;1024;APCN
2389663;PKRK4137;Tunnel1115;1024;APCN
2389668;PKRR066;GigabitEthernet0/1.15;512;APCN
2389668;PKRR067;GigabitEthernet0/1.713;512;APCN
2389614;PKHH226;Tunnel1118;1024;APCN
2389614;PKHH227;GigabitEthernet0/1.99;1024;APCN
2389622;PKIN136;GigabitEthernet0/1.200;2048;APCN
2389622;PKIN137;GigabitEthernet0/1.12;2048;APCN
2389606;PKEF011;GigabitEthernet0/0/1.76;2048;APCN
2389606;PKEF012;GigabitEthernet0/0/1.490;2048;APCN
2389604;PKCH039;GigabitEthernet0/1.546;1024;APCN
2389604;PKCH040;Tunnel1113;1024;APCN
2389597;PKBP046;GigabitEthernet0/0/1.18;768;APCN
2389597;PKBP047;Tunnel1125;768;APCN
2389589;PJNB520;GigabitEthernet0/1.48;1536;APCN
2389589;PJNB521;GigabitEthernet0/2.86;1500;APCN
2389552;PJFK611;GigabitEthernet0/0/1.296;2048;APCN
2389552;PJFK612;Tunnel1113;2048;APCN
2389559;PJIB057;GigabitEthernet0/1.313;1024;APCN
2389559;PJIB058;Tunnel1114;1024;APCN
2389539;PJFK127;GigabitEthernet0/1.795;256;APCN
2389539;PJFK128;GigabitEthernet0/0/0.584;256;APCN
2389536;PJFK468;GigabitEthernet0/1/0.772;2048;APCN
2389536;PJFK469;GigabitEthernet0/0/0.184;2048;APCN
2389521;PJFK125;GigabitEthernet0/1.506;1536;APCN
2389521;PJFK126;GigabitEthernet0/1.252;1500;APCN
2389512;PJER051;Tunnel1114;256;APCN
2389512;PJER052;Tunnel1114;256;APCN
2389500;PJED570;GigabitEthernet0/0/1.403;5120;APCN
2389500;PJED571;GigabitEthernet0/0/1.125;5120;APCN
2389459;PIEV694;Tunnel1114;1024;APCN
2389459;PIEV700;Tunnel1114;1024;APCN
2389461;PIKT028;GigabitEthernet0/1.64;256;APCN
2389461;PIKT029;GigabitEthernet0/1.46;256;APCN
2389464;PISP096;GigabitEthernet0/0/1.219;2048;APCN
2389464;PISP097;Tunnel1115;2048;APCN
2389466;PISP096;GigabitEthernet0/0/1.245;2048;APCN
2389466;PISP097;Tunnel1119;2048;APCN
2389471;PISP096;GigabitEthernet0/0/1.255;2048;APCN
2389471;PISP097;Tunnel1121;2048;APCN
2389472;PISP096;GigabitEthernet0/0/1.269;2048;APCN
2389472;PISP097;Tunnel1122;2048;APCN
2389475;PIST2118;GigabitEthernet0/0/1.27;2048;APCN
2389475;PIST2119;GigabitEthernet0/0/1.550;2048;APCN
2389443;PICN015;GigabitEthernet0/0/1.104;1500;APCN
2389443;PICN016;GigabitEthernet0/0/1.84;1536;APCN
2389429;PICN015;GigabitEthernet0/0/1.84;768;APCN
2389429;PICN016;GigabitEthernet0/0/1.66;768;APCN
2389420;PIAH024;GigabitEthernet0/0.232;384;APCN
2389420;PIAH025;GigabitEthernet0/0.744;384;APCN
2389419;PIAH024;GigabitEthernet0/0.739;256;APCN
2389419;PIAH025;GigabitEthernet0/0.17;256;APCN
2389400;PIAD195;GigabitEthernet4/0.95;256;APCN
2389400;PIAD196;GigabitEthernet4/0.220;256;APCN
2389360;PHRE249;GigabitEthernet0/1.568;512;APCN
2389360;PHRE250;GigabitEthernet0/1.481;512;APCN
2389376;PHYD121;GigabitEthernet0/0/1.24;512;APCN
2389376;PHYD122;Tunnel1130;512;APCN
2389356;PHPN036;GigabitEthernet0/0/1.678;1024;APCN
2389356;PHPN037;Tunnel1113;1024;APCN
2389340;PHNL124;GigabitEthernet0/0/0.242;1536;APCN
2389340;PHNL125;GigabitEthernet0/0/1.386;1500;APCN
2389329;PHND204;GigabitEthernet0/1.145;256;APCN
2389329;PHND205;GigabitEthernet0/1.244;256;APCN
2389315;PHMO034;GigabitEthernet0/0/1.408;2048;APCN
2389315;PHMO035;Tunnel1113;1024;APCN
2389301;PHKT048;GigabitEthernet0/2.339;1024;APCN
2389301;PHKT049;Tunnel1113;1024;APCN
2389254;PHER087;GigabitEthernet0/0/1.158;1024;APCN
2389254;PHER088;Tunnel1113;1024;APCN
2389252;PHEL407;GigabitEthernet0/0/1.232;;APCN
2389252;PHEL408;GigabitEthernet0/0/1.343;1024;APCN
2389188;PHAM461;GigabitEthernet0/0/1.220;256;APCN
2389188;PHAM462;GigabitEthernet0/0/1.640;256;APCN
2389192;PHAM461;GigabitEthernet0/0/1.164;1024;APCN
2389192;PHAM462;GigabitEthernet0/0/1.573;1024;APCN
2389173;PHAJ117;GigabitEthernet0/0/1.3;1536;APCN
2389173;PHAJ118;GigabitEthernet0/0/1.133;1536;APCN
2389170;PHAH009;Tunnel1113;1024;APCN
2389170;PHAH010;Tunnel1113;1024;APCN
2389160;PGYE102;FastEthernet0/1.390;1024;APCN
2389160;PGYE103;Tunnel1126;1024;APCN
2389155;PGVA610;GigabitEthernet0/0/1.82;1536;APCN
2389155;PGVA611;GigabitEthernet0/0/1.36;1536;APCN
2389129;PGUM096;GigabitEthernet0/0/1.9;256;APCN
2389129;PGUM097;Tunnel1113;256;APCN
2389096;PGRU077;GigabitEthernet0/1.14;1024;APCN
2389096;PGRU078;GigabitEthernet0/1.669;1024;APCN
2389085;PGOA307;Tunnel1114;256;APCN
2389079;PGND035;GigabitEthernet0/1.796;2048;APCN
2389079;PGND036;Tunnel1114;2048;APCN
2389077;PGNB622;Tunnel1114;256;APCN
2389077;PGNB623;Tunnel1114;256;APCN
2389067;PGLA290;FastEthernet3/0.197;256;APCN
2389067;PGLA289;FastEthernet2/0.43;256;APCN
2389047;PGIG075;Serial1/0.123;3072;APCN
2389047;PGIG076;GigabitEthernet0/2.787;3072;APCN
2389028;PGDL160;GigabitEthernet0/1.580;5120;APCN
2389040;PGEO062;GigabitEthernet0/0/1.213;1024;APCN
2389040;PGEO063;Tunnel1113;1024;APCN
2389011;PFUK071;GigabitEthernet0/0/1.83;1024;APCN
2389011;PFUK072;GigabitEthernet0/0/1.139;1024;APCN
2389005;PFRU074;GigabitEthernet0/0/1.398;1024;APCN
2389005;PFRU075;GigabitEthernet0/0/1.399;1024;APCN
2388925;PFRA2699;GigabitEthernet0/1.46;3072;APCN
2388925;PFRA2700;GigabitEthernet0/1.46;3072;APCN
2388885;PFRA1021;GigabitEthernet0/0/1.711;4096;APCN
2388885;PFRA1023;GigabitEthernet0/0/1.11;4096;APCN
2388874;PFOR079;GigabitEthernet0/1/0.654;1024;APCN
2388874;PFOR080;Tunnel1113;1024;APCN
2388871;PFMM007;Tunnel1114;256;APCN
2388871;PFMM008;Tunnel1114;256;APCN
2388867;PFLR261;GigabitEthernet0/1.118;256;APCN
2388867;PFLR262;Tunnel1114;256;APCN
2388816;PFCO258;GigabitEthernet0/0/1.25;1500;APCN
2388816;PFCO259;GigabitEthernet0/0/1.507;1536;APCN
2388855;PFDH081;Tunnel1113;1024;APCN
2388855;PFDH082;Tunnel1113;1024;APCN
2388858;PFIH126;Tunnel1114;256;APCN
2388858;PFIH127;Tunnel1114;256;APCN
2388862;PFKB184;Tunnel1113;1024;APCN
2388862;PFKB186;Tunnel1113;1024;APCN
2388732;PDXB1641;GigabitEthernet0/1.10;256;APCN
2388732;PDXB1642;GigabitEthernet0/1.142;256;APCN
2388735;PEBB052;GigabitEthernet0/0/1.789;512;APCN
2388735;PEBB055;Tunnel1113;512;APCN
2388754;PEDI226;FastEthernet0/1.233;256;APCN
2388754;PEDI227;FastEthernet0/1.484;256;APCN
2388756;PEIN655;Tunnel1114;512;APCN
2388756;PEIN656;Tunnel1114;10000;APCN
2388757;PEIN655;Tunnel1113;256;APCN
2388757;PEIN656;Tunnel1113;256;APCN
2388759;PEVN176;GigabitEthernet0/1.6;1024;APCN
2388759;PEVN177;Tunnel1114;1024;APCN
2388767;PEWR1005;GigabitEthernet0/0/0.299;3072;APCN
2388767;PEWR1006;Tunnel1113;3072;APCN
2388773;PEWR302;GigabitEthernet0/0/0.4;1024;APCN
2388773;PEWR303;GigabitEthernet0/0/0.799;1024;APCN
2388786;PEZE069;GigabitEthernet0/1.158;1536;APCN
2388786;PEZE070;GigabitEthernet0/1.735;1536;APCN
2388703;PDUS312;GigabitEthernet0/0/1.69;2048;APCN
2388703;PDUS313;GigabitEthernet0/0/1.22;2048;APCN
2388714;PDVO046;GigabitEthernet0/0/1.99;512;APCN
2388714;PDVO047;Tunnel1113;512;APCN
2388683;PDUR199;GigabitEthernet0/1.13;1536;APCN
2388683;PDUR200;Tunnel1113;1536;APCN
2388671;PDUB627;FastEthernet0/1.769;256;APCN
2388671;PDUB628;FastEthernet2/1.410;256;APCN
2388657;PDRS292;GigabitEthernet0/0/1.673;1024;APCN
2388657;PDRS293;Tunnel1113;1024;APCN
2388660;PDRW062;GigabitEthernet0/1.3981;128;APCN
2388660;PDRW063;Tunnel1113;128;APCN
2388665;PDTM248;Tunnel1115;1024;APCN
2388665;PDTM247;Tunnel1115;1024;APCN
2388620;PDOH211;GigabitEthernet0/0/1.421;5120;APCN
2388620;PDOH210;GigabitEthernet0/0/1.381;5120;APCN
2388633;PDOH513;Tunnel1130;256;APCN
2388638;PDOH513;Tunnel1146;1024;APCN
2388641;PDPS095;GigabitEthernet0/3.106;1024;APCN
2388641;PDPS093;GigabitEthernet0/2.115;1024;APCN
2388613;PDOH211;GigabitEthernet0/0/1.411;256;APCN
2388613;PDOH210;GigabitEthernet0/0/1.371;256;APCN
2388608;PDNK069;Serial0/0/0:0.102;1024;APCN
2388608;PDNK070;Tunnel1114;1024;APCN
2388605;PDMK001;GigabitEthernet0/0/1.148;1900;APCN
2388605;PDMK002;Tunnel1114;2048;APCN
2388594;PDLM013;Serial0/1/0.102;256;APCN
2388594;PDLM014;Tunnel1114;256;APCN
2388597;PDME052;GigabitEthernet0/0/1.110;2048;APCN
2388597;PDME054;GigabitEthernet0/0/1.81;2048;APCN
2388537;PDAR246;GigabitEthernet0/0/1.830;128;APCN
2388537;PDAR248;GigabitEthernet0/0/1.828;128;APCN
2388520;PDAD047;GigabitEthernet0/2.370;1024;APCN
2388520;PDAD048;Tunnel1116;1024;APCN
2388506;PDAC406;GigabitEthernet0/0/1.16;2048;APCN
2388506;PDAC407;GigabitEthernet0/0/1.85;2048;APCN
2388496;PCZM031;Serial0/0/0:0.102;256;APCN
2388496;PCZM032;Tunnel1113;256;APCN
2388493;PCXR001;Serial0/0/0.106;1024;APCN
2388493;PCXR002;Tunnel1115;1024;APCN
2388477;PCUR109;GigabitEthernet0/1.238;1024;APCN
2388477;PCUR110;Tunnel1115;1024;APCN
2388441;PCTS026;GigabitEthernet0/1.741;1024;APCN
2388441;PCTS027;GigabitEthernet0/1.20;1024;APCN
2388449;PCUN054;Serial2/0.105;4096;APCN
2388449;PCUN055;GigabitEthernet0/1.34;4096;APCN
2388420;PCPH745;GigabitEthernet0/1.280;512;APCN
2388420;PCPH746;Tunnel1129;512;APCN
2388423;PCPT282;Tunnel1113;1536;APCN
2388423;PCPT281;GigabitEthernet0/0/1.225;1500;APCN
2388437;PCRK019;GigabitEthernet0/0/1.103;256;APCN
2388437;PCRK020;Tunnel1114;256;APCN
2388404;PCOR117;GigabitEthernet0/0/0.705;2048;APCN
2388404;PCOR118;Tunnel1116;2048;APCN
2388387;PCOK074;GigabitEthernet0/0/0.89;1024;APCN
2388387;PCOK075;GigabitEthernet0/0/1.464;1024;APCN
2388382;PCNX051;GigabitEthernet0/0/1.102;1024;APCN
2388382;PCNX052;Tunnel1114;1024;APCN
2388375;PCNS050;Tunnel1113;512;APCN
2388375;PCNS051;GigabitEthernet0/1.11;512;APCN
2388365;PCMN046;GigabitEthernet0/1.590;3072;APCN
2388365;PCMN048;GigabitEthernet0/1.310;3072;APCN
2388354;PCMB298;GigabitEthernet0/2.11;1536;APCN
2388354;PCMB299;GigabitEthernet0/3.6;1536;APCN
2388342;PCKY131;Tunnel1114;1024;APCN
2388342;PCKY132;Tunnel1114;1024;APCN
2388346;POTP029;GigabitEthernet0/0/1.67;1024;APCN
2388346;POTP030;GigabitEthernet0/0/1.89;1024;APCN
2388328;PCGP079;Serial0/0/0:0.102;1024;APCN
2388328;PCGP080;Tunnel1113;1024;APCN
2388333;PCHC112;GigabitEthernet0/3.656;256;APCN
2388333;PCHC113;GigabitEthernet0/1.182;256;APCN
2388291;PCGK072;GigabitEthernet0/0/1.133;1024;APCN
2388291;PCGK073;GigabitEthernet0/0/1.722;1024;APCN
2388284;PCEB076;Tunnel1116;256;APCN
2388285;PCEB075;GigabitEthernet0/1.108;256;APCN
2388285;PCEB076;Tunnel1116;256;APCN
2388248;PCDG878;GigabitEthernet0/0/1.9;1024;APCN
2388248;PCDG879;GigabitEthernet0/0/1.9;1024;APCN
2388232;PCAY055;Tunnel1114;256;APCN
2388232;PCAY056;Tunnel1114;256;APCN
2388193;PCAE045;GigabitEthernet0/0/0.789;1024;APCN
2388193;PCAE046;Tunnel1115;1024;APCN
2388196;PCAG080;Tunnel1114;256;APCN
2388196;PCAG081;Tunnel1114;256;APCN
2388201;PCAI332;GigabitEthernet0/0/1.780;512;APCN
2388201;PCAI333;GigabitEthernet0/0/1.739;512;APCN
2388222;PCAN294;FastEthernet2/0.121;1024;APCN
2388222;PCAN295;GigabitEthernet0/0/1.39;1024;APCN
2388143;PBSB257;GigabitEthernet0/1.221;2048;APCN
2388143;PBSB267;GigabitEthernet0/0/2.103;2048;APCN
2388182;PBUS018;Tunnel1117;256;APCN
2388182;PBUS019;Tunnel1117;256;APCN
2388175;PBUR037;GigabitEthernet0/0/1.41;2048;APCN
2388175;PBUR038;Tunnel1114;2048;APCN
2388172;PBUD475;GigabitEthernet0/0/1.243;2048;APCN
2388172;PBUD476;GigabitEthernet0/0/1.527;2048;APCN
2388154;PBSL167;GigabitEthernet0/0/1.262;256;APCN
2388154;PBSL168;Tunnel1114;256;APCN
2388132;PBRU4113;GigabitEthernet0/1.95;128;APCN
2388132;PBRU4114;GigabitEthernet0/1.93;128;APCN
2388111;PBOS311;GigabitEthernet0/0/1.339;2048;APCN
2388111;PBOS933;Tunnel1113;2048;APCN
2388114;PBRE383;GigabitEthernet0/0/1.8;1024;APCN
2388114;PBRE378;Tunnel1113;1024;APCN
2388116;PBRI123;Tunnel1113;512;APCN
2388116;PBRI124;Tunnel1113;512;APCN
2388095;PBOS311;Tunnel1134;2048;APCN
2388095;PBOS312;GigabitEthernet0/1.700;2048;APCN
2388088;PBON018;GigabitEthernet0/1.274;2048;APCN
2388088;PBON019;Tunnel1114;2048;APCN
2388076;PBOM1449;Tunnel1119;2048;APCN
2388067;PBOM2898;GigabitEthernet0/0/2.767;10240;APCN
2388067;PMAA963;GigabitEthernet0/0/1.468;10240;APCN
2388030;PBOM1442;GigabitEthernet0/0/1.782;2048;APCN
2388030;PBOM1449;GigabitEthernet0/0/1.795;2048;APCN
2387988;PBOD733;GigabitEthernet0/0/1.7;256;APCN
2387988;PBOD734;Tunnel1113;256;APCN
2387995;PBOG483;GigabitEthernet0/2.441;1536;APCN
2387995;PBOG484;GigabitEthernet0/2.415;1536;APCN
2388003;PBOG483;GigabitEthernet0/2.445;1536;APCN
2388003;PBOG484;GigabitEthernet0/2.422;1536;APCN
2388013;PBOM1303;GigabitEthernet0/2.23;5632;APCN
2388013;PBOM1304;GigabitEthernet0/2.526;5632;APCN
2387973;PBNE440;GigabitEthernet0/0/1.3874;1024;APCN
2387973;PBNE441;GigabitEthernet0/0/1.3866;1024;APCN
2387960;PBLR469;GigabitEthernet0/1.147;2000;APCN
2387960;PBLR471;FastEthernet0/1.25;2000;APCN
2387939;PBLQ377;GigabitEthernet0/1.142;1024;APCN
2387939;PBLQ378;GigabitEthernet0/1.504;1024;APCN
2387930;PBLQ377;GigabitEthernet0/1.133;1024;APCN
2387930;PBLQ378;GigabitEthernet0/1.492;1024;APCN
2387922;PBKK717;GigabitEthernet0/1.369;6144;APCN
2387922;PBKK718;GigabitEthernet0/1.202;6144;APCN
2387924;PBLL030;GigabitEthernet0/0/1.394;512;APCN
2387924;PBLL031;Tunnel1114;512;APCN
2387875;PBKI053;GigabitEthernet0/1.521;1024;APCN
2387875;PBKI056;GigabitEthernet0/1.99;1024;APCN
2387871;PBJX087;GigabitEthernet0/0/1.497;512;APCN
2387870;PBJX087;GigabitEthernet0/0/1.519;1024;APCN
2387870;PBJX088;Tunnel1113;512;APCN
2387863;PBJL034;Tunnel1114;1024;APCN
2387863;PBJL035;Tunnel1114;1024;APCN
2387860;PBIA030;Tunnel1113;256;APCN
2387860;PBIA031;Tunnel1113;256;APCN
2387826;PBEY371;MFR1.102;1024;APCN
2387826;PBEY372;GigabitEthernet0/0/1.25;1024;APCN
2387846;PBGI107;GigabitEthernet0/1.164;256;APCN
2387846;PBGI108;Tunnel1114;256;APCN
2387848;PBGY320;Serial0/1/0:0.102;256;APCN
2387848;PBGY321;Tunnel1114;256;APCN
2387851;PBHX481;FastEthernet2/1.458;256;APCN
2387851;PBHX482;Tunnel1123;256;APCN
2387801;PBDL117;GigabitEthernet0/0/1.743;2048;APCN
2387801;PBDL118;Tunnel1114;2048;APCN
2387804;PBDS092;Tunnel1113;512;APCN
2387804;PBDS093;Tunnel1113;512;APCN
2387806;PBEG351;GigabitEthernet0/2.71;256;APCN
2387806;PBEG355;GigabitEthernet0/2.27;256;APCN
2387809;PBEG351;GigabitEthernet0/2.76;256;APCN
2387809;PBEG355;GigabitEthernet0/2.31;256;APCN
2387811;PBEL058;Tunnel1113;1024;APCN
2387811;PBEL059;Tunnel1113;1024;APCN
2387814;PBER1748;GigabitEthernet0/0/1.717;512;APCN
2387814;PBER1749;GigabitEthernet0/0/1.502;512;APCN
2387793;PBDA099;GigabitEthernet0/0/1.5;1024;APCN
2387793;PBDA100;Tunnel1114;1024;APCN
2387761;PBCN867;GigabitEthernet0/0/1.337;1024;APCN
2387761;PBCN868;GigabitEthernet0/0/1.175;1024;APCN
2387747;PBAH425;GigabitEthernet0/0/0.123;3072;APCN
2387747;PBAH426;Tunnel1117;3072;APCN
2387742;PAYT156;Serial0/0/0.102;1024;APCN
2387742;PAYT152;Tunnel1115;1024;APCN
2387723;PAUH218;GigabitEthernet0/0/2.721;3072;APCN
2387723;PAUH219;GigabitEthernet0/0/2.379;3072;APCN
2387708;PAUA080;GigabitEthernet0/1.88;1024;APCN
2387708;PAUA081;GigabitEthernet0/1.123;1024;APCN
2387701;PATL1749;GigabitEthernet0/0/1.174;256;APCN
2387701;PATL1750;GigabitEthernet0/0/1.722;256;APCN
2387677;PATL1527;GigabitEthernet0/0/1.719;2048;APCN
2387677;PATL1528;GigabitEthernet0/0/1.518;2048;APCN
2387659;PATH1861;GigabitEthernet0/0/0.48;3072;APCN
2387659;PATH1862;GigabitEthernet0/0/1.118;3072;APCN
2387647;PASM037;Serial0/0/0.105;256;APCN
2387648;PASM037;Tunnel1116;512;APCN
2387650;PASU116;GigabitEthernet0/1.741;2048;APCN
2387650;PASU117;Tunnel1113;2048;APCN
2387640;PASB054;Serial0/0/1:0.103;1024;APCN
2387627;PARN040;GigabitEthernet0/0/1.76;1024;APCN
2387627;PARN041;GigabitEthernet0/0/1.115;1000;APCN
2387618;PARN040;GigabitEthernet0/0/1.38;2048;APCN
2387618;PARN041;GigabitEthernet0/0/1.59;2048;APCN
2387614;PAQJ008;GigabitEthernet0/0/1.578;1024;APCN
2387614;PAQJ009;Tunnel1114;1024;APCN
2387609;PAPW017;GigabitEthernet0/1.332;1024;APCN
2387609;PAPW022;Tunnel1114;512;APCN
2387600;PANU060;GigabitEthernet0/1.30;1024;APCN
2387600;PANU061;Tunnel1114;1024;APCN
2387598;PANP045;GigabitEthernet0/0/1.226;512;APCN
2387598;PANP046;Tunnel1113;512;APCN
2387481;PAMM245;GigabitEthernet0/0/1.530;1024;APCN
2387481;PAMM246;GigabitEthernet0/0/1.242;1024;APCN
2387470;PALG451;GigabitEthernet0/2.456;768;APCN
2387470;PALG452;Tunnel1138;768;APCN
2387444;PAKL320;GigabitEthernet0/1.90;512;APCN
2387444;PAKL321;GigabitEthernet0/1.91;512;APCN
2387434;PAJA254;Tunnel1113;256;APCN
2387434;PAJA255;Tunnel1113;256;APCN
2387429;PAGU053;GigabitEthernet0/0/1.780;1024;APCN
2387429;PAGU054;Tunnel1113;1024;APCN
2387425;PAER018;GigabitEthernet0/1.3;256;APCN
2387425;PAER019;GigabitEthernet0/1.66;256;APCN
2387376;PABJ363;GigabitEthernet0/0/1.11;256;APCN
2387376;PABJ364;Tunnel1114;256;APCN
2387383;PABV165;Tunnel1114;1536;APCN
2387383;PABV174;Tunnel1114;1536;APCN
2387385;PABZ492;GigabitEthernet0/0/1.108;512;APCN
2387385;PABZ493;Tunnel1113;512;APCN
2387387;PACC389;Tunnel1113;1024;APCN
2387387;PACC394;GigabitEthernet0/1.757;1024;APCN
2387396;PADD291;Tunnel1115;1024;APCN
2387396;PADD290;GigabitEthernet0/0/1.14;1024;APCN
2387411;PAEP069;GigabitEthernet0/1/0.113;2048;APCN
2387411;PAEP070;GigabitEthernet0/1/0.664;2048;APCN
2387401;PADL173;FastEthernet0/1/0.180;1024;APCN
2387401;PADL174;FastEthernet0/1/0.152;1024;APCN
